Statistic,Value
Mean,0.0021
Median,0.0
Mode,0.0
Variance,0.002095589999999977
Standard Deviation,0.04577990366916441
Skewness,21.752990153304385
Kurtosis,471.192580609757
